<?xml version="1.0" encoding="utf-8"?>

<instance xmlns="http://www.exelearning.org/content/v0.3" reference="4" version="0.3" xmlns:xsi="http://www.w3.org/2001/XMLSchema-instance" xsi:schemalocation="http://www.exelearning.org/content/v0.3 content.xsd" class="exe.engine.package.Package">
 <dictionary>
  <string role="key" value="_title"></string>
  <unicode value="Aišku"></unicode>
  <string role="key" value="idevices"></string>
  <list></list>
  <string role="key" value="_addPagination"></string>
  <bool value="0"></bool>
  <string role="key" value="_addSearchBox"></string>
  <bool value="0"></bool>
  <string role="key" value="_author"></string>
  <unicode value="AUTHOR_NAME"></unicode>
  <string role="key" value="_backgroundImg"></string>
  <unicode value=""></unicode>
  <string role="key" value="_contextMode"></string>
  <unicode value="presencial"></unicode>
  <string role="key" value="_contextPlace"></string>
  <unicode value="classroom"></unicode>
  <string role="key" value="_description"></string>
  <unicode value="GENERAL_DESCRIPTION"></unicode>
  <string role="key" value="_docType"></string>
  <unicode value="HTML5"></unicode>
  <string role="key" value="_exportElp"></string>
  <bool value="0"></bool>
  <string role="key" value="_extraHeadContent"></string>
  <unicode value=""></unicode>
  <string role="key" value="_fieldValidationInfo"></string>
  <dictionary>
   <unicode role="key" value="all"></unicode>
   <dictionary>
    <unicode role="key" value="mandatory_fields"></unicode>
    <list>
     <unicode value="pp_title"></unicode>
     <unicode value="pp_lang"></unicode>
     <unicode value="pp_description"></unicode>
     <unicode value="pp_author"></unicode>
     <unicode value="pp_newlicense"></unicode>
    </list>
   </dictionary>
   <unicode role="key" value="procomun"></unicode>
   <dictionary>
    <unicode role="key" value="mandatory_fields"></unicode>
    <list>
     <unicode value="pp_learningResourceType"></unicode>
    </list>
    <unicode role="key" value="values_from_list"></unicode>
    <dictionary>
     <unicode role="key" value="pp_learningResourceType"></unicode>
     <list>
      <unicode value="master class"></unicode>
      <unicode value="closed exercise or problem"></unicode>
      <unicode value="real project"></unicode>
      <unicode value="didactic game"></unicode>
      <unicode value="webquest"></unicode>
      <unicode value="open problem"></unicode>
      <unicode value="simulation"></unicode>
      <unicode value="questionnaire"></unicode>
      <unicode value="conceptual map"></unicode>
     </list>
    </dictionary>
   </dictionary>
  </dictionary>
  <string role="key" value="_intendedEndUserRoleGroup"></string>
  <bool value="0"></bool>
  <string role="key" value="_intendedEndUserRoleTutor"></string>
  <bool value="0"></bool>
  <string role="key" value="_intendedEndUserRoleType"></string>
  <unicode value="learner"></unicode>
  <string role="key" value="_isChanged"></string>
  <bool value="0"></bool>
  <string role="key" value="_isTemplate"></string>
  <bool value="0"></bool>
  <string role="key" value="_lang"></string>
  <unicode value="en"></unicode>
  <string role="key" value="_learningResourceType"></string>
  <unicode value=""></unicode>
  <string role="key" value="_levelNames"></string>
  <list>
   <unicode value="Topic"></unicode>
   <unicode value="Section"></unicode>
   <unicode value="Unit"></unicode>
  </list>
  <string role="key" value="_name"></string>
  <unicode value="Scorm_template"></unicode>
  <string role="key" value="_nextIdeviceId"></string>
  <int value="5"></int>
  <string role="key" value="_nextNodeId"></string>
  <int value="14"></int>
  <string role="key" value="_nodeIdDict"></string>
  <dictionary>
   <unicode role="key" value="0"></unicode>
   <instance class="exe.engine.node.Node" reference="3">
    <dictionary>
     <string role="key" value="_title"></string>
     <unicode value="Lietuvių gestų kalbos mokymosi programa"></unicode>
     <string role="key" value="idevices"></string>
     <list>
      <instance class="exe.engine.jsidevice.JsIdevice" reference="1">
       <dictionary>
        <string role="key" value="_title"></string>
        <unicode value=""></unicode>
        <string role="key" value="_attributes"></string>
        <list>
         <tuple>
          <string value="title"></string>
          <list>
           <string value="Title"></string>
           <int value="0"></int>
           <int value="0"></int>
          </list>
         </tuple>
         <tuple>
          <string value="category"></string>
          <list>
           <string value="Category"></string>
           <int value="0"></int>
           <int value="1"></int>
          </list>
         </tuple>
         <tuple>
          <string value="css-class"></string>
          <list>
           <string value="CSS class"></string>
           <int value="0"></int>
           <int value="2"></int>
          </list>
         </tuple>
         <tuple>
          <string value="icon"></string>
          <list>
           <string value="Icon"></string>
           <int value="0"></int>
           <int value="3"></int>
          </list>
         </tuple>
        </list>
        <string role="key" value="_author"></string>
        <string value=""></string>
        <string role="key" value="_iDeviceDir"></string>
        <string value="udl-content"></string>
        <string role="key" value="_purpose"></string>
        <string value=""></string>
        <string role="key" value="_tip"></string>
        <string value=""></string>
        <string role="key" value="_valid"></string>
        <bool value="1"></bool>
        <string role="key" value="class_"></string>
        <unicode value="UDLcontent"></unicode>
        <string role="key" value="edit"></string>
        <bool value="0"></bool>
        <string role="key" value="emphasis"></string>
        <int value="0"></int>
        <string role="key" value="exe.engine.jsidevice.JsIdevice.persistenceVersion"></string>
        <int value="1"></int>
        <string role="key" value="fields"></string>
        <list>
         <instance class="exe.engine.field.TextAreaField" reference="2">
          <dictionary>
           <string role="key" value="_id"></string>
           <unicode value="113_2"></unicode>
           <string role="key" value="_idevice"></string>
           <reference key="1"></reference>
           <string role="key" value="_instruc"></string>
           <string value=""></string>
           <string role="key" value="_name"></string>
           <string value=""></string>
           <string role="key" value="anchor_names"></string>
           <list></list>
           <string role="key" value="content_w_resourcePaths"></string>
           <unicode content="true" value="&lt;div class=&quot;exe-udlContent exe-udlContent-engagement&quot;&gt;&lt;section class=&quot;exe-udlContent-block&quot;&gt;&lt;div class=&quot;exe-udlContent-content&quot;&gt;&lt;div class=&quot;exe-udlContent-content-main&quot;&gt;&lt;p&gt;Pateikiami eksportuoti leksikos vienetai/frazės iš lietuvių kalbos gestų žodynėlio.&lt;/p&gt;
&lt;p&gt;Norėdami tęsti toliau spauskite &quot;Next&quot;.&lt;/p&gt;&lt;/div&gt;&lt;/div&gt;&lt;/section&gt;&lt;/div&gt;"></unicode>
           <string role="key" value="exe.engine.field.Field.persistenceVersion"></string>
           <int value="4"></int>
           <string role="key" value="exe.engine.field.FieldWithResources.persistenceVersion"></string>
           <int value="2"></int>
           <string role="key" value="exe.engine.field.TextAreaField.persistenceVersion"></string>
           <int value="3"></int>
           <string role="key" value="htmlTag"></string>
           <string value="div"></string>
           <string role="key" value="images"></string>
           <instance class="exe.engine.galleryidevice.GalleryImages">
            <dictionary>
             <string role="key" value=".listitems"></string>
             <list></list>
             <string role="key" value="idevice"></string>
             <reference key="2"></reference>
            </dictionary>
           </instance>
           <string role="key" value="intlinks_to_anchors"></string>
           <dictionary></dictionary>
           <string role="key" value="nextImageId"></string>
           <int value="0"></int>
           <string role="key" value="parentNode"></string>
           <none></none>
          </dictionary>
         </instance>
        </list>
        <string role="key" value="icon"></string>
        <unicode value=""></unicode>
        <string role="key" value="id"></string>
        <unicode value="3"></unicode>
        <string role="key" value="ideviceCategory"></string>
        <unicode value="Text and Tasks"></unicode>
        <string role="key" value="lastIdevice"></string>
        <bool value="0"></bool>
        <string role="key" value="nextFieldId"></string>
        <int value="3"></int>
        <string role="key" value="originalicon"></string>
        <string value=""></string>
        <string role="key" value="parentNode"></string>
        <reference key="3"></reference>
        <string role="key" value="systemResources"></string>
        <list></list>
        <string role="key" value="undo"></string>
        <bool value="1"></bool>
        <string role="key" value="userResources"></string>
        <list></list>
        <string role="key" value="version"></string>
        <int value="0"></int>
       </dictionary>
      </instance>
     </list>
     <string role="key" value="_id"></string>
     <unicode value="0"></unicode>
     <string role="key" value="_package"></string>
     <reference key="4"></reference>
     <string role="key" value="anchor_fields"></string>
     <list></list>
     <string role="key" value="exe.engine.node.Node.persistenceVersion"></string>
     <int value="2"></int>
     <string role="key" value="exportType"></string>
     <string value="scorm"></string>
     <string role="key" value="last_full_node_path"></string>
     <string value="exe-node:Lietuvi%C5%B3%20gest%C5%B3%20kalbos%20mokymosi%20programa"></string>
     <string role="key" value="parent"></string>
     <none></none>
     <string role="key" value="top_anchors_linked_from_fields"></string>
     <list></list>
     <string role="key" value="children"></string>
     <list>
      <instance class="exe.engine.node.Node" reference="7">
       <dictionary>
        <string role="key" value="_title"></string>
        <unicode value="1 Zodis"></unicode>
        <string role="key" value="idevices"></string>
        <list>
         <instance class="exe.engine.jsidevice.JsIdevice" reference="5">
          <dictionary>
           <string role="key" value="_title"></string>
           <unicode value=""></unicode>
           <string role="key" value="_attributes"></string>
           <list>
            <tuple>
             <string value="title"></string>
             <list>
              <string value="Title"></string>
              <int value="0"></int>
              <int value="0"></int>
             </list>
            </tuple>
            <tuple>
             <string value="category"></string>
             <list>
              <string value="Category"></string>
              <int value="0"></int>
              <int value="1"></int>
             </list>
            </tuple>
            <tuple>
             <string value="css-class"></string>
             <list>
              <string value="CSS class"></string>
              <int value="0"></int>
              <int value="2"></int>
             </list>
            </tuple>
            <tuple>
             <string value="icon"></string>
             <list>
              <string value="Icon"></string>
              <int value="0"></int>
              <int value="3"></int>
             </list>
            </tuple>
           </list>
           <string role="key" value="_author"></string>
           <string value=""></string>
           <string role="key" value="_iDeviceDir"></string>
           <string value="udl-content"></string>
           <string role="key" value="_purpose"></string>
           <string value=""></string>
           <string role="key" value="_tip"></string>
           <string value=""></string>
           <string role="key" value="_valid"></string>
           <bool value="1"></bool>
           <string role="key" value="class_"></string>
           <unicode value="UDLcontent"></unicode>
           <string role="key" value="edit"></string>
           <bool value="0"></bool>
           <string role="key" value="emphasis"></string>
           <int value="0"></int>
           <string role="key" value="exe.engine.jsidevice.JsIdevice.persistenceVersion"></string>
           <int value="1"></int>
           <string role="key" value="fields"></string>
           <list>
            <instance class="exe.engine.field.TextAreaField" reference="6">
             <dictionary>
              <string role="key" value="_id"></string>
              <unicode value="114_2"></unicode>
              <string role="key" value="_idevice"></string>
              <reference key="5"></reference>
              <string role="key" value="_instruc"></string>
              <string value=""></string>
              <string role="key" value="_name"></string>
              <string value=""></string>
              <string role="key" value="anchor_names"></string>
              <list></list>
              <string role="key" value="anchors_linked_from_fields"></string>
              <dictionary></dictionary>
              <string role="key" value="content_w_resourcePaths"></string>
              <unicode content="true" value="&lt;div class=&quot;exe-udlContent exe-udlContent-engagement&quot;&gt;&lt;section class=&quot;exe-udlContent-block&quot;&gt;&lt;div class=&quot;exe-udlContent-content&quot;&gt;&lt;div class=&quot;exe-udlContent-content-main&quot;&gt;&lt;table border=&quot;1&quot; style=&quot;width: 100%; margin-left: auto; margin-right: auto; height: 52px;&quot; class=&quot;exe-table&quot;&gt;
&lt;tbody&gt;
&lt;tr style=&quot;height: 26px;&quot;&gt;
&lt;td style=&quot;width: 54.0211%; height: 26px; text-align: center;&quot;&gt;&lt;strong&gt;Žodis&lt;/strong&gt;&lt;/td&gt;
&lt;td style=&quot;width: 45.9789%; height: 26px; text-align: center;&quot;&gt;&lt;strong&gt;Vaizdo įrašas&lt;/strong&gt;&lt;/td&gt;
&lt;/tr&gt;
&lt;tr style=&quot;height: 26px;&quot;&gt;
&lt;td style=&quot;width: 54.0211%; height: 26px; text-align: center;&quot;&gt;&lt;strong&gt;Aišku&lt;/strong&gt;&lt;/td&gt;
&lt;td style=&quot;width: 45.9789%; height: 26px; text-align: center;&quot;&gt;&lt;video width=&quot;320&quot; height=&quot;240&quot; controls=&quot;controls&quot; class=&quot;mediaelement&quot;&gt;
&lt;source src=&quot;resources/Aisku.ogg&quot; type=&quot;video/ogg&quot;&gt;&lt;/video&gt;&lt;br&gt;&lt;br&gt;&lt;br&gt;&lt;/td&gt;
&lt;/tr&gt;
&lt;/tbody&gt;
&lt;/table&gt;&lt;/div&gt;&lt;/div&gt;&lt;/section&gt;&lt;/div&gt;"></unicode>
              <string role="key" value="exe.engine.field.Field.persistenceVersion"></string>
              <int value="4"></int>
              <string role="key" value="exe.engine.field.FieldWithResources.persistenceVersion"></string>
              <int value="2"></int>
              <string role="key" value="exe.engine.field.TextAreaField.persistenceVersion"></string>
              <int value="3"></int>
              <string role="key" value="htmlTag"></string>
              <string value="div"></string>
              <string role="key" value="images"></string>
              <instance class="exe.engine.galleryidevice.GalleryImages">
               <dictionary>
                <string role="key" value=".listitems"></string>
                <list>
                 <instance class="exe.engine.galleryidevice.GalleryImage">
                  <dictionary>
                   <string role="key" value="_caption"></string>
                   <instance class="exe.engine.field.TextField">
                    <dictionary>
                     <string role="key" value="_id"></string>
                     <int value="207"></int>
                     <string role="key" value="_idevice"></string>
                     <none></none>
                     <string role="key" value="_instruc"></string>
                     <string value=""></string>
                     <string role="key" value="_name"></string>
                     <string value=""></string>
                     <string role="key" value="content"></string>
                     <string value=""></string>
                     <string role="key" value="exe.engine.field.Field.persistenceVersion"></string>
                     <int value="4"></int>
                    </dictionary>
                   </instance>
                   <string role="key" value="_id"></string>
                   <unicode value="1_114_2.0"></unicode>
                   <string role="key" value="_imageResource"></string>
                   <instance class="exe.engine.resource.Resource" reference="8">
                    <dictionary>
                     <string role="key" value="_idevice"></string>
                     <reference key="5"></reference>
                     <string role="key" value="_package"></string>
                     <reference key="4"></reference>
                     <string role="key" value="_storageName"></string>
                     <string value="Aisku.ogg"></string>
                     <string role="key" value="_userName"></string>
                     <string value="c:\\users\\dovyd\\appdata\\local\\temp\\tmpanivbk.eXe\\previews\\allyourbase\\Aisku.ogg"></string>
                     <string role="key" value="checksum"></string>
                     <string value="2ef61a52062b8e44706a627a2506d8e2"></string>
                     <string role="key" value="exe.engine.resource.Resource.persistenceVersion"></string>
                     <int value="2"></int>
                     <string role="key" value="exe.engine.resource._Resource.persistenceVersion"></string>
                     <int value="2"></int>
                     <string role="key" value="warningMsg"></string>
                     <string value=""></string>
                    </dictionary>
                   </instance>
                   <string role="key" value="_parent"></string>
                   <reference key="6"></reference>
                   <string role="key" value="_thumbnailResource"></string>
                   <none></none>
                   <string role="key" value="exe.engine.galleryidevice.GalleryImage.persistenceVersion"></string>
                   <int value="3"></int>
                   <string role="key" value="makeThumbnail"></string>
                   <bool value="0"></bool>
                  </dictionary>
                 </instance>
                </list>
                <string role="key" value="idevice"></string>
                <reference key="6"></reference>
               </dictionary>
              </instance>
              <string role="key" value="intlinks_to_anchors"></string>
              <dictionary></dictionary>
              <string role="key" value="nextImageId"></string>
              <int value="1"></int>
              <string role="key" value="parentNode"></string>
              <reference key="7"></reference>
             </dictionary>
            </instance>
           </list>
           <string role="key" value="icon"></string>
           <unicode value=""></unicode>
           <string role="key" value="id"></string>
           <unicode value="1"></unicode>
           <string role="key" value="ideviceCategory"></string>
           <unicode value="Text and Tasks"></unicode>
           <string role="key" value="lastIdevice"></string>
           <bool value="0"></bool>
           <string role="key" value="nextFieldId"></string>
           <int value="3"></int>
           <string role="key" value="originalicon"></string>
           <string value=""></string>
           <string role="key" value="parentNode"></string>
           <reference key="7"></reference>
           <string role="key" value="systemResources"></string>
           <list></list>
           <string role="key" value="undo"></string>
           <bool value="1"></bool>
           <string role="key" value="userResources"></string>
           <list>
            <reference key="8"></reference>
           </list>
           <string role="key" value="version"></string>
           <int value="0"></int>
          </dictionary>
         </instance>
        </list>
        <string role="key" value="_id"></string>
        <unicode value="10"></unicode>
        <string role="key" value="_package"></string>
        <reference key="4"></reference>
        <string role="key" value="anchor_fields"></string>
        <list></list>
        <string role="key" value="exe.engine.node.Node.persistenceVersion"></string>
        <int value="2"></int>
        <string role="key" value="exportType"></string>
        <string value="scorm"></string>
        <string role="key" value="last_full_node_path"></string>
        <string value="exe-node:Lietuvi%C5%B3%20gest%C5%B3%20kalbos%20mokymosi%20programa:1%20Zodis"></string>
        <string role="key" value="parent"></string>
        <reference key="3"></reference>
        <string role="key" value="top_anchors_linked_from_fields"></string>
        <list></list>
        <string role="key" value="children"></string>
        <list></list>
       </dictionary>
      </instance>
      <instance class="exe.engine.node.Node" reference="11">
       <dictionary>
        <string role="key" value="_title"></string>
        <unicode value="2 Zodis"></unicode>
        <string role="key" value="idevices"></string>
        <list>
         <instance class="exe.engine.jsidevice.JsIdevice" reference="9">
          <dictionary>
           <string role="key" value="_title"></string>
           <unicode value=""></unicode>
           <string role="key" value="_attributes"></string>
           <list>
            <tuple>
             <string value="title"></string>
             <list>
              <string value="Title"></string>
              <int value="0"></int>
              <int value="0"></int>
             </list>
            </tuple>
            <tuple>
             <string value="category"></string>
             <list>
              <string value="Category"></string>
              <int value="0"></int>
              <int value="1"></int>
             </list>
            </tuple>
            <tuple>
             <string value="css-class"></string>
             <list>
              <string value="CSS class"></string>
              <int value="0"></int>
              <int value="2"></int>
             </list>
            </tuple>
            <tuple>
             <string value="icon"></string>
             <list>
              <string value="Icon"></string>
              <int value="0"></int>
              <int value="3"></int>
             </list>
            </tuple>
           </list>
           <string role="key" value="_author"></string>
           <string value=""></string>
           <string role="key" value="_iDeviceDir"></string>
           <string value="udl-content"></string>
           <string role="key" value="_purpose"></string>
           <string value=""></string>
           <string role="key" value="_tip"></string>
           <string value=""></string>
           <string role="key" value="_valid"></string>
           <bool value="1"></bool>
           <string role="key" value="class_"></string>
           <unicode value="UDLcontent"></unicode>
           <string role="key" value="edit"></string>
           <bool value="0"></bool>
           <string role="key" value="emphasis"></string>
           <int value="0"></int>
           <string role="key" value="exe.engine.jsidevice.JsIdevice.persistenceVersion"></string>
           <int value="1"></int>
           <string role="key" value="fields"></string>
           <list>
            <instance class="exe.engine.field.TextAreaField" reference="10">
             <dictionary>
              <string role="key" value="_id"></string>
              <unicode value="114_2"></unicode>
              <string role="key" value="_idevice"></string>
              <reference key="9"></reference>
              <string role="key" value="_instruc"></string>
              <string value=""></string>
              <string role="key" value="_name"></string>
              <string value=""></string>
              <string role="key" value="anchor_names"></string>
              <list></list>
              <string role="key" value="content_w_resourcePaths"></string>
              <unicode content="true" value="&lt;div class=&quot;exe-udlContent exe-udlContent-engagement&quot;&gt;&lt;section class=&quot;exe-udlContent-block&quot;&gt;&lt;div class=&quot;exe-udlContent-content&quot;&gt;&lt;div class=&quot;exe-udlContent-content-main&quot;&gt;&lt;table border=&quot;1&quot; style=&quot;width: 100%; margin-left: auto; margin-right: auto; height: 52px;&quot; class=&quot;exe-table&quot;&gt;
&lt;tbody&gt;
&lt;tr style=&quot;height: 26px;&quot;&gt;
&lt;td style=&quot;width: 54.0211%; height: 26px; text-align: center;&quot;&gt;&lt;strong&gt;Žodis&lt;/strong&gt;&lt;/td&gt;
&lt;td style=&quot;width: 45.9789%; height: 26px; text-align: center;&quot;&gt;&lt;strong&gt;Vaizdo įrašas&lt;/strong&gt;&lt;/td&gt;
&lt;/tr&gt;
&lt;tr style=&quot;height: 26px;&quot;&gt;
&lt;td style=&quot;width: 54.0211%; height: 26px; text-align: center;&quot;&gt;&lt;strong&gt;Apkurtęs&lt;/strong&gt;&lt;/td&gt;
&lt;td style=&quot;width: 45.9789%; height: 26px; text-align: center;&quot;&gt;&lt;video width=&quot;320&quot; height=&quot;240&quot; controls=&quot;controls&quot; class=&quot;mediaelement&quot;&gt;
&lt;source src=&quot;resources/Apkurtes.ogg&quot; type=&quot;video/ogg&quot;&gt;&lt;/video&gt;&lt;br&gt;&lt;br&gt;&lt;br&gt;&lt;br&gt;&lt;/td&gt;
&lt;/tr&gt;
&lt;/tbody&gt;
&lt;/table&gt;&lt;/div&gt;&lt;/div&gt;&lt;/section&gt;&lt;/div&gt;"></unicode>
              <string role="key" value="exe.engine.field.Field.persistenceVersion"></string>
              <int value="4"></int>
              <string role="key" value="exe.engine.field.FieldWithResources.persistenceVersion"></string>
              <int value="2"></int>
              <string role="key" value="exe.engine.field.TextAreaField.persistenceVersion"></string>
              <int value="3"></int>
              <string role="key" value="htmlTag"></string>
              <string value="div"></string>
              <string role="key" value="images"></string>
              <instance class="exe.engine.galleryidevice.GalleryImages">
               <dictionary>
                <string role="key" value=".listitems"></string>
                <list>
                 <instance class="exe.engine.galleryidevice.GalleryImage">
                  <dictionary>
                   <string role="key" value="_caption"></string>
                   <instance class="exe.engine.field.TextField">
                    <dictionary>
                     <string role="key" value="_id"></string>
                     <int value="208"></int>
                     <string role="key" value="_idevice"></string>
                     <none></none>
                     <string role="key" value="_instruc"></string>
                     <string value=""></string>
                     <string role="key" value="_name"></string>
                     <string value=""></string>
                     <string role="key" value="content"></string>
                     <string value=""></string>
                     <string role="key" value="exe.engine.field.Field.persistenceVersion"></string>
                     <int value="4"></int>
                    </dictionary>
                   </instance>
                   <string role="key" value="_id"></string>
                   <unicode value="4_114_2.0"></unicode>
                   <string role="key" value="_imageResource"></string>
                   <instance class="exe.engine.resource.Resource" reference="12">
                    <dictionary>
                     <string role="key" value="_idevice"></string>
                     <reference key="9"></reference>
                     <string role="key" value="_package"></string>
                     <reference key="4"></reference>
                     <string role="key" value="_storageName"></string>
                     <string value="Apkurtes.ogg"></string>
                     <string role="key" value="_userName"></string>
                     <string value="c:\\users\\dovyd\\appdata\\local\\temp\\tmpanivbk.eXe\\previews\\allyourbase\\Apkurtes.ogg"></string>
                     <string role="key" value="checksum"></string>
                     <string value="093dec7063dfad5c37996f9614ec083f"></string>
                     <string role="key" value="exe.engine.resource.Resource.persistenceVersion"></string>
                     <int value="2"></int>
                     <string role="key" value="exe.engine.resource._Resource.persistenceVersion"></string>
                     <int value="2"></int>
                     <string role="key" value="warningMsg"></string>
                     <string value=""></string>
                    </dictionary>
                   </instance>
                   <string role="key" value="_parent"></string>
                   <reference key="10"></reference>
                   <string role="key" value="_thumbnailResource"></string>
                   <none></none>
                   <string role="key" value="exe.engine.galleryidevice.GalleryImage.persistenceVersion"></string>
                   <int value="3"></int>
                   <string role="key" value="makeThumbnail"></string>
                   <bool value="0"></bool>
                  </dictionary>
                 </instance>
                </list>
                <string role="key" value="idevice"></string>
                <reference key="10"></reference>
               </dictionary>
              </instance>
              <string role="key" value="intlinks_to_anchors"></string>
              <dictionary></dictionary>
              <string role="key" value="nextImageId"></string>
              <int value="1"></int>
              <string role="key" value="parentNode"></string>
              <reference key="11"></reference>
             </dictionary>
            </instance>
           </list>
           <string role="key" value="icon"></string>
           <unicode value=""></unicode>
           <string role="key" value="id"></string>
           <unicode value="4"></unicode>
           <string role="key" value="ideviceCategory"></string>
           <unicode value="Text and Tasks"></unicode>
           <string role="key" value="lastIdevice"></string>
           <bool value="0"></bool>
           <string role="key" value="nextFieldId"></string>
           <int value="3"></int>
           <string role="key" value="originalicon"></string>
           <string value=""></string>
           <string role="key" value="parentNode"></string>
           <reference key="11"></reference>
           <string role="key" value="systemResources"></string>
           <list></list>
           <string role="key" value="undo"></string>
           <bool value="1"></bool>
           <string role="key" value="userResources"></string>
           <list>
            <reference key="12"></reference>
           </list>
           <string role="key" value="version"></string>
           <int value="0"></int>
          </dictionary>
         </instance>
        </list>
        <string role="key" value="_id"></string>
        <unicode value="11"></unicode>
        <string role="key" value="_package"></string>
        <reference key="4"></reference>
        <string role="key" value="anchor_fields"></string>
        <list></list>
        <string role="key" value="exe.engine.node.Node.persistenceVersion"></string>
        <int value="2"></int>
        <string role="key" value="exportType"></string>
        <string value="scorm"></string>
        <string role="key" value="last_full_node_path"></string>
        <string value="exe-node:Lietuvi%C5%B3%20gest%C5%B3%20kalbos%20mokymosi%20programa:2%20Zodis"></string>
        <string role="key" value="parent"></string>
        <reference key="3"></reference>
        <string role="key" value="top_anchors_linked_from_fields"></string>
        <list></list>
        <string role="key" value="children"></string>
        <list></list>
       </dictionary>
      </instance>
     </list>
    </dictionary>
   </instance>
   <unicode role="key" value="10"></unicode>
   <reference key="7"></reference>
   <unicode role="key" value="11"></unicode>
   <reference key="11"></reference>
  </dictionary>
  <string role="key" value="_objectives"></string>
  <unicode value=""></unicode>
  <string role="key" value="_preknowledge"></string>
  <unicode value=""></unicode>
  <string role="key" value="_templateFile"></string>
  <string value="Base"></string>
  <string role="key" value="backgroundImgTile"></string>
  <bool value="0"></bool>
  <string role="key" value="currentNode"></string>
  <reference key="3"></reference>
  <string role="key" value="dublinCore"></string>
  <instance class="exe.engine.package.DublinCore">
   <dictionary>
    <string role="key" value="contributors"></string>
    <unicode value=""></unicode>
    <string role="key" value="coverage"></string>
    <unicode value=""></unicode>
    <string role="key" value="creator"></string>
    <unicode value="AUTHOR_NAME"></unicode>
    <string role="key" value="date"></string>
    <unicode value="2022-05-16"></unicode>
    <string role="key" value="description"></string>
    <unicode value="GENERAL_DESCRIPTION"></unicode>
    <string role="key" value="format"></string>
    <unicode value=""></unicode>
    <string role="key" value="identifier"></string>
    <unicode value="4a7d755e-34a5-410a-a7d4-601881136623"></unicode>
    <string role="key" value="language"></string>
    <unicode value="en"></unicode>
    <string role="key" value="publisher"></string>
    <unicode value="AUTHOR_NAME"></unicode>
    <string role="key" value="relation"></string>
    <unicode value=""></unicode>
    <string role="key" value="rights"></string>
    <unicode value=""></unicode>
    <string role="key" value="source"></string>
    <unicode value=""></unicode>
    <string role="key" value="subject"></string>
    <unicode value=""></unicode>
    <string role="key" value="title"></string>
    <unicode value="Lietuvių kalbos žodynas"></unicode>
    <string role="key" value="type"></string>
    <unicode value=""></unicode>
   </dictionary>
  </instance>
  <string role="key" value="exe.engine.package.Package.persistenceVersion"></string>
  <int value="16"></int>
  <string role="key" value="exportMetadataType"></string>
  <string value="LOMES"></string>
  <string role="key" value="exportSource"></string>
  <bool value="1"></bool>
  <string role="key" value="footer"></string>
  <unicode value=""></unicode>
  <string role="key" value="isLoading"></string>
  <bool value="0"></bool>
  <string role="key" value="license"></string>
  <unicode value="creative commons: attribution - share alike 4.0"></unicode>
  <string role="key" value="lom"></string>
  <instance class="exe.engine.lom.lomsubs.lomSub">
   <dictionary>
    <string role="key" value="__index__"></string>
    <dictionary></dictionary>
    <string role="key" value="__oldchild__"></string>
    <none></none>
    <string role="key" value="annotation"></string>
    <list></list>
    <string role="key" value="classification"></string>
    <list></list>
    <string role="key" value="educational"></string>
    <list>
     <instance class="exe.engine.lom.lomsubs.educationalSub">
      <dictionary>
       <string role="key" value="cognitiveProcess"></string>
       <list></list>
       <string role="key" value="context"></string>
       <list>
        <instance class="exe.engine.lom.lomsubs.contextSub">
         <dictionary>
          <string role="key" value="extensiontype_"></string>
          <none></none>
          <string role="key" value="source"></string>
          <instance class="exe.engine.lom.lomsubs.sourceValueSub">
           <dictionary>
            <string role="key" value="extensiontype_"></string>
            <none></none>
            <string role="key" value="string"></string>
            <list></list>
            <string role="key" value="uniqueElementName"></string>
            <string value="source"></string>
            <string role="key" value="valueOf_"></string>
            <string value="LOMv1.0"></string>
           </dictionary>
          </instance>
          <string role="key" value="value"></string>
          <instance class="exe.engine.lom.lomsubs.contextValueSub">
           <dictionary>
            <string role="key" value="extensiontype_"></string>
            <none></none>
            <string role="key" value="source"></string>
            <none></none>
            <string role="key" value="uniqueElementName"></string>
            <string value="value"></string>
            <string role="key" value="value"></string>
            <none></none>
            <string role="key" value="valueOf_"></string>
            <string value="other"></string>
           </dictionary>
          </instance>
         </dictionary>
        </instance>
        <instance class="exe.engine.lom.lomsubs.contextSub">
         <dictionary>
          <string role="key" value="extensiontype_"></string>
          <none></none>
          <string role="key" value="source"></string>
          <instance class="exe.engine.lom.lomsubs.sourceValueSub">
           <dictionary>
            <string role="key" value="extensiontype_"></string>
            <none></none>
            <string role="key" value="string"></string>
            <list></list>
            <string role="key" value="uniqueElementName"></string>
            <string value="source"></string>
            <string role="key" value="valueOf_"></string>
            <string value="LOMv1.0"></string>
           </dictionary>
          </instance>
          <string role="key" value="value"></string>
          <instance class="exe.engine.lom.lomsubs.contextValueSub">
           <dictionary>
            <string role="key" value="extensiontype_"></string>
            <none></none>
            <string role="key" value="source"></string>
            <none></none>
            <string role="key" value="uniqueElementName"></string>
            <string value="value"></string>
            <string role="key" value="value"></string>
            <none></none>
            <string role="key" value="valueOf_"></string>
            <string value="school"></string>
           </dictionary>
          </instance>
         </dictionary>
        </instance>
       </list>
       <string role="key" value="description"></string>
       <list></list>
       <string role="key" value="difficulty"></string>
       <none></none>
       <string role="key" value="intendedEndUserRole"></string>
       <list>
        <instance class="exe.engine.lom.lomsubs.intendedEndUserRoleSub">
         <dictionary>
          <string role="key" value="extensiontype_"></string>
          <none></none>
          <string role="key" value="source"></string>
          <instance class="exe.engine.lom.lomsubs.sourceValueSub">
           <dictionary>
            <string role="key" value="extensiontype_"></string>
            <none></none>
            <string role="key" value="string"></string>
            <list></list>
            <string role="key" value="uniqueElementName"></string>
            <string value="source"></string>
            <string role="key" value="valueOf_"></string>
            <string value="LOMv1.0"></string>
           </dictionary>
          </instance>
          <string role="key" value="value"></string>
          <instance class="exe.engine.lom.lomsubs.intendedEndUserRoleValueSub">
           <dictionary>
            <string role="key" value="extensiontype_"></string>
            <none></none>
            <string role="key" value="source"></string>
            <none></none>
            <string role="key" value="uniqueElementName"></string>
            <string value="value"></string>
            <string role="key" value="value"></string>
            <none></none>
            <string role="key" value="valueOf_"></string>
            <string value="learner"></string>
           </dictionary>
          </instance>
         </dictionary>
        </instance>
       </list>
       <string role="key" value="interactivityLevel"></string>
       <none></none>
       <string role="key" value="interactivityType"></string>
       <none></none>
       <string role="key" value="language"></string>
       <list>
        <instance class="exe.engine.lom.lomsubs.LanguageIdSub">
         <dictionary>
          <string role="key" value="extensiontype_"></string>
          <none></none>
          <string role="key" value="valueOf_"></string>
          <string value="en"></string>
         </dictionary>
        </instance>
       </list>
       <string role="key" value="learningResourceType"></string>
       <list></list>
       <string role="key" value="semanticDensity"></string>
       <none></none>
       <string role="key" value="typicalAgeRange"></string>
       <list></list>
       <string role="key" value="typicalLearningTime"></string>
       <none></none>
      </dictionary>
     </instance>
    </list>
    <string role="key" value="general"></string>
    <instance class="exe.engine.lom.lomsubs.generalSub">
     <dictionary>
      <string role="key" value="aggregationLevel"></string>
      <instance class="exe.engine.lom.lomsubs.aggregationLevelSub">
       <dictionary>
        <string role="key" value="extensiontype_"></string>
        <none></none>
        <string role="key" value="source"></string>
        <instance class="exe.engine.lom.lomsubs.sourceValueSub">
         <dictionary>
          <string role="key" value="extensiontype_"></string>
          <none></none>
          <string role="key" value="string"></string>
          <list></list>
          <string role="key" value="uniqueElementName"></string>
          <string value="source"></string>
          <string role="key" value="valueOf_"></string>
          <string value="LOMv1.0"></string>
         </dictionary>
        </instance>
        <string role="key" value="uniqueElementName"></string>
        <string value="aggregationLevel"></string>
        <string role="key" value="value"></string>
        <instance class="exe.engine.lom.lomsubs.aggregationLevelValueSub">
         <dictionary>
          <string role="key" value="extensiontype_"></string>
          <none></none>
          <string role="key" value="source"></string>
          <none></none>
          <string role="key" value="uniqueElementName"></string>
          <string value="value"></string>
          <string role="key" value="value"></string>
          <none></none>
          <string role="key" value="valueOf_"></string>
          <string value="2"></string>
         </dictionary>
        </instance>
       </dictionary>
      </instance>
      <string role="key" value="coverage"></string>
      <list></list>
      <string role="key" value="description"></string>
      <list>
       <instance class="exe.engine.lom.lomsubs.descriptionSub">
        <dictionary>
         <string role="key" value="extensiontype_"></string>
         <none></none>
         <string role="key" value="string"></string>
         <list>
          <instance class="exe.engine.lom.lomsubs.LangStringSub">
           <dictionary>
            <string role="key" value="language"></string>
            <string value="en"></string>
            <string role="key" value="valueOf_"></string>
            <string value="Lietuvi\xc5\xb3 kalbos gest\xc5\xb3 \xc5\xbeodyno elementai"></string>
           </dictionary>
          </instance>
         </list>
        </dictionary>
       </instance>
      </list>
      <string role="key" value="identifier"></string>
      <list>
       <instance class="exe.engine.lom.lomsubs.identifierSub">
        <dictionary>
         <string role="key" value="catalog"></string>
         <instance class="exe.engine.lom.lomsubs.catalogSub">
          <dictionary>
           <string role="key" value="uniqueElementName"></string>
           <string value="catalog"></string>
           <string role="key" value="valueOf_"></string>
           <unicode value="My Catalog"></unicode>
          </dictionary>
         </instance>
         <string role="key" value="entry"></string>
         <instance class="exe.engine.lom.lomsubs.entrySub">
          <dictionary>
           <string role="key" value="uniqueElementName"></string>
           <string value="entry"></string>
           <string role="key" value="valueOf_"></string>
           <unicode value="4a7d755e-34a5-410a-a7d4-601881136623"></unicode>
          </dictionary>
         </instance>
        </dictionary>
       </instance>
      </list>
      <string role="key" value="keyword"></string>
      <list></list>
      <string role="key" value="language"></string>
      <list>
       <instance class="exe.engine.lom.lomsubs.LanguageIdSub">
        <dictionary>
         <string role="key" value="extensiontype_"></string>
         <none></none>
         <string role="key" value="valueOf_"></string>
         <string value="en"></string>
        </dictionary>
       </instance>
      </list>
      <string role="key" value="structure"></string>
      <none></none>
      <string role="key" value="title"></string>
      <instance class="exe.engine.lom.lomsubs.titleSub">
       <dictionary>
        <string role="key" value="extensiontype_"></string>
        <none></none>
        <string role="key" value="string"></string>
        <list>
         <instance class="exe.engine.lom.lomsubs.LangStringSub">
          <dictionary>
           <string role="key" value="language"></string>
           <string value="en"></string>
           <string role="key" value="valueOf_"></string>
           <string value="Ai\xc5\xa1ku"></string>
          </dictionary>
         </instance>
        </list>
        <string role="key" value="uniqueElementName"></string>
        <none></none>
       </dictionary>
      </instance>
      <string role="key" value="uniqueElementName"></string>
      <string value="general"></string>
     </dictionary>
    </instance>
    <string role="key" value="lifeCycle"></string>
    <instance class="exe.engine.lom.lomsubs.lifeCycleSub">
     <dictionary>
      <string role="key" value="contribute"></string>
      <list>
       <instance class="exe.engine.lom.lomsubs.contributeSub">
        <dictionary>
         <string role="key" value="date"></string>
         <instance class="exe.engine.lom.lomsubs.dateSub" reference="13">
          <dictionary>
           <string role="key" value="dateTime"></string>
           <instance class="exe.engine.lom.lomsubs.DateTimeValueSub">
            <dictionary>
             <string role="key" value="uniqueElementName"></string>
             <string value="dateTime"></string>
             <string role="key" value="valueOf_"></string>
             <string value="2022-05-16T14:09:27.00+03:00"></string>
            </dictionary>
           </instance>
           <string role="key" value="description"></string>
           <instance class="exe.engine.lom.lomsubs.LanguageStringSub">
            <dictionary>
             <string role="key" value="extensiontype_"></string>
             <none></none>
             <string role="key" value="string"></string>
             <list>
              <instance class="exe.engine.lom.lomsubs.LangStringSub">
               <dictionary>
                <string role="key" value="language"></string>
                <string value="en"></string>
                <string role="key" value="valueOf_"></string>
                <string value="Metadata creation date"></string>
               </dictionary>
              </instance>
             </list>
            </dictionary>
           </instance>
           <string role="key" value="extensiontype_"></string>
           <none></none>
           <string role="key" value="uniqueElementName"></string>
           <none></none>
           <string role="key" value="valueOf_"></string>
           <none></none>
          </dictionary>
         </instance>
         <string role="key" value="entity"></string>
         <list>
          <instance class="exe.engine.lom.lomsubs.entitySub" reference="14">
           <dictionary>
            <string role="key" value="extensiontype_"></string>
            <none></none>
            <string role="key" value="valueOf_"></string>
            <string value="BEGIN:VCARD VERSION:3.0 FN:AUTHOR_NAME EMAIL;TYPE=INTERNET: ORG: END:VCARD"></string>
           </dictionary>
          </instance>
         </list>
         <string role="key" value="role"></string>
         <instance class="exe.engine.lom.lomsubs.roleSub">
          <dictionary>
           <string role="key" value="extensiontype_"></string>
           <none></none>
           <string role="key" value="source"></string>
           <instance class="exe.engine.lom.lomsubs.sourceValueSub" reference="15">
            <dictionary>
             <string role="key" value="extensiontype_"></string>
             <none></none>
             <string role="key" value="string"></string>
             <list></list>
             <string role="key" value="uniqueElementName"></string>
             <string value="source"></string>
             <string role="key" value="valueOf_"></string>
             <string value="LOMv1.0"></string>
            </dictionary>
           </instance>
           <string role="key" value="uniqueElementName"></string>
           <string value="role"></string>
           <string role="key" value="value"></string>
           <instance class="exe.engine.lom.lomsubs.roleValueSub">
            <dictionary>
             <string role="key" value="extensiontype_"></string>
             <none></none>
             <string role="key" value="source"></string>
             <none></none>
             <string role="key" value="uniqueElementName"></string>
             <string value="value"></string>
             <string role="key" value="value"></string>
             <none></none>
             <string role="key" value="valueOf_"></string>
             <string value="author"></string>
            </dictionary>
           </instance>
          </dictionary>
         </instance>
        </dictionary>
       </instance>
      </list>
      <string role="key" value="status"></string>
      <none></none>
      <string role="key" value="uniqueElementName"></string>
      <none></none>
      <string role="key" value="version"></string>
      <none></none>
     </dictionary>
    </instance>
    <string role="key" value="metaMetadata"></string>
    <instance class="exe.engine.lom.lomsubs.metaMetadataSub">
     <dictionary>
      <string role="key" value="contribute"></string>
      <list>
       <instance class="exe.engine.lom.lomsubs.contributeMetaSub">
        <dictionary>
         <string role="key" value="date"></string>
         <reference key="13"></reference>
         <string role="key" value="entity"></string>
         <list>
          <reference key="14"></reference>
         </list>
         <string role="key" value="role"></string>
         <instance class="exe.engine.lom.lomsubs.roleSub">
          <dictionary>
           <string role="key" value="extensiontype_"></string>
           <none></none>
           <string role="key" value="source"></string>
           <reference key="15"></reference>
           <string role="key" value="uniqueElementName"></string>
           <string value="role"></string>
           <string role="key" value="value"></string>
           <instance class="exe.engine.lom.lomsubs.roleValueSub">
            <dictionary>
             <string role="key" value="extensiontype_"></string>
             <none></none>
             <string role="key" value="source"></string>
             <none></none>
             <string role="key" value="uniqueElementName"></string>
             <string value="value"></string>
             <string role="key" value="value"></string>
             <none></none>
             <string role="key" value="valueOf_"></string>
             <string value="creator"></string>
            </dictionary>
           </instance>
          </dictionary>
         </instance>
        </dictionary>
       </instance>
      </list>
      <string role="key" value="identifier"></string>
      <list></list>
      <string role="key" value="language"></string>
      <instance class="exe.engine.lom.lomsubs.LanguageIdSub">
       <dictionary>
        <string role="key" value="extensiontype_"></string>
        <none></none>
        <string role="key" value="valueOf_"></string>
        <string value="en"></string>
       </dictionary>
      </instance>
      <string role="key" value="metadataSchema"></string>
      <list>
       <instance class="exe.engine.lom.lomsubs.metadataSchemaSub">
        <dictionary>
         <string role="key" value="valueOf_"></string>
         <string value="LOMv1.0"></string>
        </dictionary>
       </instance>
      </list>
      <string role="key" value="uniqueElementName"></string>
      <string value="metaMetadata"></string>
     </dictionary>
    </instance>
    <string role="key" value="relation"></string>
    <list></list>
    <string role="key" value="rights"></string>
    <instance class="exe.engine.lom.lomsubs.rightsSub">
     <dictionary>
      <string role="key" value="access"></string>
      <none></none>
      <string role="key" value="copyrightAndOtherRestrictions"></string>
      <instance class="exe.engine.lom.lomsubs.copyrightAndOtherRestrictionsSub">
       <dictionary>
        <string role="key" value="extensiontype_"></string>
        <none></none>
        <string role="key" value="source"></string>
        <instance class="exe.engine.lom.lomsubs.sourceValueSub">
         <dictionary>
          <string role="key" value="extensiontype_"></string>
          <none></none>
          <string role="key" value="string"></string>
          <list></list>
          <string role="key" value="uniqueElementName"></string>
          <string value="source"></string>
          <string role="key" value="valueOf_"></string>
          <string value="LOMv1.0"></string>
         </dictionary>
        </instance>
        <string role="key" value="uniqueElementName"></string>
        <string value="copyrightAndOtherRestrictions"></string>
        <string role="key" value="value"></string>
        <instance class="exe.engine.lom.lomsubs.copyrightAndOtherRestrictionsValueSub">
         <dictionary>
          <string role="key" value="extensiontype_"></string>
          <none></none>
          <string role="key" value="source"></string>
          <none></none>
          <string role="key" value="uniqueElementName"></string>
          <string value="value"></string>
          <string role="key" value="value"></string>
          <none></none>
          <string role="key" value="valueOf_"></string>
          <string value="yes"></string>
         </dictionary>
        </instance>
       </dictionary>
      </instance>
      <string role="key" value="cost"></string>
      <none></none>
      <string role="key" value="description"></string>
      <none></none>
      <string role="key" value="uniqueElementName"></string>
      <none></none>
     </dictionary>
    </instance>
    <string role="key" value="technical"></string>
    <none></none>
   </dictionary>
  </instance>
  <string role="key" value="lomEs"></string>
  <instance class="exe.engine.lom.lomsubs.lomSub">
   <dictionary>
    <string role="key" value="__index__"></string>
    <dictionary></dictionary>
    <string role="key" value="__oldchild__"></string>
    <none></none>
    <string role="key" value="annotation"></string>
    <list></list>
    <string role="key" value="classification"></string>
    <list></list>
    <string role="key" value="educational"></string>
    <list>
     <instance class="exe.engine.lom.lomsubs.educationalSub">
      <dictionary>
       <string role="key" value="cognitiveProcess"></string>
       <list></list>
       <string role="key" value="context"></string>
       <list>
        <instance class="exe.engine.lom.lomsubs.contextSub">
         <dictionary>
          <string role="key" value="extensiontype_"></string>
          <none></none>
          <string role="key" value="source"></string>
          <instance class="exe.engine.lom.lomsubs.sourceValueSub">
           <dictionary>
            <string role="key" value="extensiontype_"></string>
            <none></none>
            <string role="key" value="string"></string>
            <list></list>
            <string role="key" value="uniqueElementName"></string>
            <string value="source"></string>
            <string role="key" value="valueOf_"></string>
            <string value="LOM-ESv1.0"></string>
           </dictionary>
          </instance>
          <string role="key" value="value"></string>
          <instance class="exe.engine.lom.lomsubs.contextValueSub">
           <dictionary>
            <string role="key" value="extensiontype_"></string>
            <none></none>
            <string role="key" value="source"></string>
            <none></none>
            <string role="key" value="uniqueElementName"></string>
            <string value="value"></string>
            <string role="key" value="value"></string>
            <none></none>
            <string role="key" value="valueOf_"></string>
            <string value="presencial"></string>
           </dictionary>
          </instance>
         </dictionary>
        </instance>
        <instance class="exe.engine.lom.lomsubs.contextSub">
         <dictionary>
          <string role="key" value="extensiontype_"></string>
          <none></none>
          <string role="key" value="source"></string>
          <instance class="exe.engine.lom.lomsubs.sourceValueSub">
           <dictionary>
            <string role="key" value="extensiontype_"></string>
            <none></none>
            <string role="key" value="string"></string>
            <list></list>
            <string role="key" value="uniqueElementName"></string>
            <string value="source"></string>
            <string role="key" value="valueOf_"></string>
            <string value="LOM-ESv1.0"></string>
           </dictionary>
          </instance>
          <string role="key" value="value"></string>
          <instance class="exe.engine.lom.lomsubs.contextValueSub">
           <dictionary>
            <string role="key" value="extensiontype_"></string>
            <none></none>
            <string role="key" value="source"></string>
            <none></none>
            <string role="key" value="uniqueElementName"></string>
            <string value="value"></string>
            <string role="key" value="value"></string>
            <none></none>
            <string role="key" value="valueOf_"></string>
            <string value="classroom"></string>
           </dictionary>
          </instance>
         </dictionary>
        </instance>
       </list>
       <string role="key" value="description"></string>
       <list></list>
       <string role="key" value="difficulty"></string>
       <none></none>
       <string role="key" value="intendedEndUserRole"></string>
       <list>
        <instance class="exe.engine.lom.lomsubs.intendedEndUserRoleSub">
         <dictionary>
          <string role="key" value="extensiontype_"></string>
          <none></none>
          <string role="key" value="source"></string>
          <instance class="exe.engine.lom.lomsubs.sourceValueSub">
           <dictionary>
            <string role="key" value="extensiontype_"></string>
            <none></none>
            <string role="key" value="string"></string>
            <list></list>
            <string role="key" value="uniqueElementName"></string>
            <string value="source"></string>
            <string role="key" value="valueOf_"></string>
            <string value="LOM-ESv1.0"></string>
           </dictionary>
          </instance>
          <string role="key" value="value"></string>
          <instance class="exe.engine.lom.lomsubs.intendedEndUserRoleValueSub">
           <dictionary>
            <string role="key" value="extensiontype_"></string>
            <none></none>
            <string role="key" value="source"></string>
            <none></none>
            <string role="key" value="uniqueElementName"></string>
            <string value="value"></string>
            <string role="key" value="value"></string>
            <none></none>
            <string role="key" value="valueOf_"></string>
            <string value="learner"></string>
           </dictionary>
          </instance>
         </dictionary>
        </instance>
       </list>
       <string role="key" value="interactivityLevel"></string>
       <none></none>
       <string role="key" value="interactivityType"></string>
       <none></none>
       <string role="key" value="language"></string>
       <list>
        <instance class="exe.engine.lom.lomsubs.LanguageIdSub">
         <dictionary>
          <string role="key" value="extensiontype_"></string>
          <none></none>
          <string role="key" value="valueOf_"></string>
          <string value="en"></string>
         </dictionary>
        </instance>
       </list>
       <string role="key" value="learningResourceType"></string>
       <list></list>
       <string role="key" value="semanticDensity"></string>
       <none></none>
       <string role="key" value="typicalAgeRange"></string>
       <list></list>
       <string role="key" value="typicalLearningTime"></string>
       <none></none>
      </dictionary>
     </instance>
    </list>
    <string role="key" value="general"></string>
    <instance class="exe.engine.lom.lomsubs.generalSub">
     <dictionary>
      <string role="key" value="aggregationLevel"></string>
      <instance class="exe.engine.lom.lomsubs.aggregationLevelSub">
       <dictionary>
        <string role="key" value="extensiontype_"></string>
        <none></none>
        <string role="key" value="source"></string>
        <instance class="exe.engine.lom.lomsubs.sourceValueSub">
         <dictionary>
          <string role="key" value="extensiontype_"></string>
          <none></none>
          <string role="key" value="string"></string>
          <list></list>
          <string role="key" value="uniqueElementName"></string>
          <string value="source"></string>
          <string role="key" value="valueOf_"></string>
          <string value="LOM-ESv1.0"></string>
         </dictionary>
        </instance>
        <string role="key" value="uniqueElementName"></string>
        <string value="aggregationLevel"></string>
        <string role="key" value="value"></string>
        <instance class="exe.engine.lom.lomsubs.aggregationLevelValueSub">
         <dictionary>
          <string role="key" value="extensiontype_"></string>
          <none></none>
          <string role="key" value="source"></string>
          <none></none>
          <string role="key" value="uniqueElementName"></string>
          <string value="value"></string>
          <string role="key" value="value"></string>
          <none></none>
          <string role="key" value="valueOf_"></string>
          <string value="2"></string>
         </dictionary>
        </instance>
       </dictionary>
      </instance>
      <string role="key" value="coverage"></string>
      <list></list>
      <string role="key" value="description"></string>
      <list>
       <instance class="exe.engine.lom.lomsubs.descriptionSub">
        <dictionary>
         <string role="key" value="extensiontype_"></string>
         <none></none>
         <string role="key" value="string"></string>
         <list>
          <instance class="exe.engine.lom.lomsubs.LangStringSub">
           <dictionary>
            <string role="key" value="language"></string>
            <string value="en"></string>
            <string role="key" value="valueOf_"></string>
            <string value="Lietuvi\xc5\xb3 kalbos gest\xc5\xb3 \xc5\xbeodyno elementai"></string>
           </dictionary>
          </instance>
         </list>
        </dictionary>
       </instance>
      </list>
      <string role="key" value="identifier"></string>
      <list>
       <instance class="exe.engine.lom.lomsubs.identifierSub">
        <dictionary>
         <string role="key" value="catalog"></string>
         <instance class="exe.engine.lom.lomsubs.catalogSub">
          <dictionary>
           <string role="key" value="uniqueElementName"></string>
           <string value="catalog"></string>
           <string role="key" value="valueOf_"></string>
           <unicode value="My Catalog"></unicode>
          </dictionary>
         </instance>
         <string role="key" value="entry"></string>
         <instance class="exe.engine.lom.lomsubs.entrySub">
          <dictionary>
           <string role="key" value="uniqueElementName"></string>
           <string value="entry"></string>
           <string role="key" value="valueOf_"></string>
           <unicode value="4a7d755e-34a5-410a-a7d4-601881136623"></unicode>
          </dictionary>
         </instance>
        </dictionary>
       </instance>
      </list>
      <string role="key" value="keyword"></string>
      <list></list>
      <string role="key" value="language"></string>
      <list>
       <instance class="exe.engine.lom.lomsubs.LanguageIdSub">
        <dictionary>
         <string role="key" value="extensiontype_"></string>
         <none></none>
         <string role="key" value="valueOf_"></string>
         <string value="en"></string>
        </dictionary>
       </instance>
      </list>
      <string role="key" value="structure"></string>
      <none></none>
      <string role="key" value="title"></string>
      <instance class="exe.engine.lom.lomsubs.titleSub">
       <dictionary>
        <string role="key" value="extensiontype_"></string>
        <none></none>
        <string role="key" value="string"></string>
        <list>
         <instance class="exe.engine.lom.lomsubs.LangStringSub">
          <dictionary>
           <string role="key" value="language"></string>
           <string value="en"></string>
           <string role="key" value="valueOf_"></string>
           <string value="Ai\xc5\xa1ku"></string>
          </dictionary>
         </instance>
        </list>
        <string role="key" value="uniqueElementName"></string>
        <none></none>
       </dictionary>
      </instance>
      <string role="key" value="uniqueElementName"></string>
      <string value="general"></string>
     </dictionary>
    </instance>
    <string role="key" value="lifeCycle"></string>
    <instance class="exe.engine.lom.lomsubs.lifeCycleSub">
     <dictionary>
      <string role="key" value="contribute"></string>
      <list>
       <instance class="exe.engine.lom.lomsubs.contributeSub">
        <dictionary>
         <string role="key" value="date"></string>
         <instance class="exe.engine.lom.lomsubs.dateSub" reference="16">
          <dictionary>
           <string role="key" value="dateTime"></string>
           <instance class="exe.engine.lom.lomsubs.DateTimeValueSub">
            <dictionary>
             <string role="key" value="uniqueElementName"></string>
             <string value="dateTime"></string>
             <string role="key" value="valueOf_"></string>
             <string value="2022-05-16T14:09:27.00+03:00"></string>
            </dictionary>
           </instance>
           <string role="key" value="description"></string>
           <instance class="exe.engine.lom.lomsubs.LanguageStringSub">
            <dictionary>
             <string role="key" value="extensiontype_"></string>
             <none></none>
             <string role="key" value="string"></string>
             <list>
              <instance class="exe.engine.lom.lomsubs.LangStringSub">
               <dictionary>
                <string role="key" value="language"></string>
                <string value="en"></string>
                <string role="key" value="valueOf_"></string>
                <string value="Metadata creation date"></string>
               </dictionary>
              </instance>
             </list>
            </dictionary>
           </instance>
           <string role="key" value="extensiontype_"></string>
           <none></none>
           <string role="key" value="uniqueElementName"></string>
           <none></none>
           <string role="key" value="valueOf_"></string>
           <none></none>
          </dictionary>
         </instance>
         <string role="key" value="entity"></string>
         <list>
          <instance class="exe.engine.lom.lomsubs.entitySub" reference="17">
           <dictionary>
            <string role="key" value="extensiontype_"></string>
            <none></none>
            <string role="key" value="valueOf_"></string>
            <string value="BEGIN:VCARD VERSION:3.0 FN:AUTHOR_NAME EMAIL;TYPE=INTERNET: ORG: END:VCARD"></string>
           </dictionary>
          </instance>
         </list>
         <string role="key" value="role"></string>
         <instance class="exe.engine.lom.lomsubs.roleSub">
          <dictionary>
           <string role="key" value="extensiontype_"></string>
           <none></none>
           <string role="key" value="source"></string>
           <instance class="exe.engine.lom.lomsubs.sourceValueSub" reference="18">
            <dictionary>
             <string role="key" value="extensiontype_"></string>
             <none></none>
             <string role="key" value="string"></string>
             <list></list>
             <string role="key" value="uniqueElementName"></string>
             <string value="source"></string>
             <string role="key" value="valueOf_"></string>
             <string value="LOM-ESv1.0"></string>
            </dictionary>
           </instance>
           <string role="key" value="uniqueElementName"></string>
           <string value="role"></string>
           <string role="key" value="value"></string>
           <instance class="exe.engine.lom.lomsubs.roleValueSub">
            <dictionary>
             <string role="key" value="extensiontype_"></string>
             <none></none>
             <string role="key" value="source"></string>
             <none></none>
             <string role="key" value="uniqueElementName"></string>
             <string value="value"></string>
             <string role="key" value="value"></string>
             <none></none>
             <string role="key" value="valueOf_"></string>
             <string value="author"></string>
            </dictionary>
           </instance>
          </dictionary>
         </instance>
        </dictionary>
       </instance>
      </list>
      <string role="key" value="status"></string>
      <none></none>
      <string role="key" value="uniqueElementName"></string>
      <none></none>
      <string role="key" value="version"></string>
      <none></none>
     </dictionary>
    </instance>
    <string role="key" value="metaMetadata"></string>
    <instance class="exe.engine.lom.lomsubs.metaMetadataSub">
     <dictionary>
      <string role="key" value="contribute"></string>
      <list>
       <instance class="exe.engine.lom.lomsubs.contributeMetaSub">
        <dictionary>
         <string role="key" value="date"></string>
         <reference key="16"></reference>
         <string role="key" value="entity"></string>
         <list>
          <reference key="17"></reference>
         </list>
         <string role="key" value="role"></string>
         <instance class="exe.engine.lom.lomsubs.roleSub">
          <dictionary>
           <string role="key" value="extensiontype_"></string>
           <none></none>
           <string role="key" value="source"></string>
           <reference key="18"></reference>
           <string role="key" value="uniqueElementName"></string>
           <string value="role"></string>
           <string role="key" value="value"></string>
           <instance class="exe.engine.lom.lomsubs.roleValueSub">
            <dictionary>
             <string role="key" value="extensiontype_"></string>
             <none></none>
             <string role="key" value="source"></string>
             <none></none>
             <string role="key" value="uniqueElementName"></string>
             <string value="value"></string>
             <string role="key" value="value"></string>
             <none></none>
             <string role="key" value="valueOf_"></string>
             <string value="creator"></string>
            </dictionary>
           </instance>
          </dictionary>
         </instance>
        </dictionary>
       </instance>
      </list>
      <string role="key" value="identifier"></string>
      <list></list>
      <string role="key" value="language"></string>
      <instance class="exe.engine.lom.lomsubs.LanguageIdSub">
       <dictionary>
        <string role="key" value="extensiontype_"></string>
        <none></none>
        <string role="key" value="valueOf_"></string>
        <string value="en"></string>
       </dictionary>
      </instance>
      <string role="key" value="metadataSchema"></string>
      <list>
       <instance class="exe.engine.lom.lomsubs.metadataSchemaSub">
        <dictionary>
         <string role="key" value="valueOf_"></string>
         <string value="LOM-ESv1.0"></string>
        </dictionary>
       </instance>
      </list>
      <string role="key" value="uniqueElementName"></string>
      <string value="metaMetadata"></string>
     </dictionary>
    </instance>
    <string role="key" value="relation"></string>
    <list></list>
    <string role="key" value="rights"></string>
    <instance class="exe.engine.lom.lomsubs.rightsSub">
     <dictionary>
      <string role="key" value="access"></string>
      <instance class="exe.engine.lom.lomsubs.accessSub">
       <dictionary>
        <string role="key" value="accessType"></string>
        <instance class="exe.engine.lom.lomsubs.accessTypeSub">
         <dictionary>
          <string role="key" value="extensiontype_"></string>
          <none></none>
          <string role="key" value="source"></string>
          <instance class="exe.engine.lom.lomsubs.sourceValueSub">
           <dictionary>
            <string role="key" value="extensiontype_"></string>
            <none></none>
            <string role="key" value="string"></string>
            <list></list>
            <string role="key" value="uniqueElementName"></string>
            <string value="source"></string>
            <string role="key" value="valueOf_"></string>
            <string value="LOM-ESv1.0"></string>
           </dictionary>
          </instance>
          <string role="key" value="uniqueElementName"></string>
          <string value="accessType"></string>
          <string role="key" value="value"></string>
          <instance class="exe.engine.lom.lomsubs.accessTypeValueSub">
           <dictionary>
            <string role="key" value="extensiontype_"></string>
            <none></none>
            <string role="key" value="source"></string>
            <none></none>
            <string role="key" value="uniqueElementName"></string>
            <string value="value"></string>
            <string role="key" value="value"></string>
            <none></none>
            <string role="key" value="valueOf_"></string>
            <string value="universal"></string>
           </dictionary>
          </instance>
         </dictionary>
        </instance>
        <string role="key" value="description"></string>
        <instance class="exe.engine.lom.lomsubs.LanguageStringSub">
         <dictionary>
          <string role="key" value="extensiontype_"></string>
          <none></none>
          <string role="key" value="string"></string>
          <list>
           <instance class="exe.engine.lom.lomsubs.LangStringSub">
            <dictionary>
             <string role="key" value="language"></string>
             <string value="en"></string>
             <string role="key" value="valueOf_"></string>
             <unicode value="Default"></unicode>
            </dictionary>
           </instance>
          </list>
         </dictionary>
        </instance>
        <string role="key" value="uniqueElementName"></string>
        <string value="access"></string>
       </dictionary>
      </instance>
      <string role="key" value="copyrightAndOtherRestrictions"></string>
      <instance class="exe.engine.lom.lomsubs.copyrightAndOtherRestrictionsSub">
       <dictionary>
        <string role="key" value="extensiontype_"></string>
        <none></none>
        <string role="key" value="source"></string>
        <instance class="exe.engine.lom.lomsubs.sourceValueSub">
         <dictionary>
          <string role="key" value="extensiontype_"></string>
          <none></none>
          <string role="key" value="string"></string>
          <list></list>
          <string role="key" value="uniqueElementName"></string>
          <string value="source"></string>
          <string role="key" value="valueOf_"></string>
          <string value="LOM-ESv1.0"></string>
         </dictionary>
        </instance>
        <string role="key" value="uniqueElementName"></string>
        <string value="copyrightAndOtherRestrictions"></string>
        <string role="key" value="value"></string>
        <instance class="exe.engine.lom.lomsubs.copyrightAndOtherRestrictionsValueSub">
         <dictionary>
          <string role="key" value="extensiontype_"></string>
          <none></none>
          <string role="key" value="source"></string>
          <none></none>
          <string role="key" value="uniqueElementName"></string>
          <string value="value"></string>
          <string role="key" value="value"></string>
          <none></none>
          <string role="key" value="valueOf_"></string>
          <string value="creative commons: attribution - share alike"></string>
         </dictionary>
        </instance>
       </dictionary>
      </instance>
      <string role="key" value="cost"></string>
      <none></none>
      <string role="key" value="description"></string>
      <none></none>
      <string role="key" value="uniqueElementName"></string>
      <string value="rights"></string>
     </dictionary>
    </instance>
    <string role="key" value="technical"></string>
    <none></none>
   </dictionary>
  </instance>
  <string role="key" value="mxmlforcemediaonly"></string>
  <bool value="0"></bool>
  <string role="key" value="mxmlheight"></string>
  <string value=""></string>
  <string role="key" value="mxmlprofilelist"></string>
  <string value=""></string>
  <string role="key" value="mxmlwidth"></string>
  <string value=""></string>
  <string role="key" value="release"></string>
  <string value="2.6"></string>
  <string role="key" value="resources"></string>
  <dictionary>
   <string role="key" value="093dec7063dfad5c37996f9614ec083f"></string>
   <list>
    <reference key="12"></reference>
   </list>
   <string role="key" value="2ef61a52062b8e44706a627a2506d8e2"></string>
   <list>
    <reference key="8"></reference>
   </list>
  </dictionary>
  <string role="key" value="root"></string>
  <reference key="3"></reference>
  <string role="key" value="scolinks"></string>
  <bool value="0"></bool>
  <string role="key" value="scowsinglepage"></string>
  <bool value="0"></bool>
  <string role="key" value="scowwebsite"></string>
  <bool value="0"></bool>
  <string role="key" value="style"></string>
  <unicode value="INTEF"></unicode>
  <string role="key" value="sugaractivityname"></string>
  <string value=""></string>
  <string role="key" value="sugarservicename"></string>
  <string value=""></string>
  <string role="key" value="tempFile"></string>
  <bool value="0"></bool>
 </dictionary>
</instance>