<?xml version="1.0" encoding="UTF-8"?>
<!-- Generated by eXe - http://exelearning.net -->
<manifest identifier="eXem_template60c9975c267adb22551" xmlns="http://www.imsproject.org/xsd/imscp_rootv1p1p2" xmlns:adlcp="http://www.adlnet.org/xsd/adlcp_rootv1p2" xmlns:imsmd="http://www.imsglobal.org/xsd/imsmd_v1p2" xmlns:xsi="http://www.w3.org/2001/XMLSchema-instance" xsi:schemaLocation="http://www.imsproject.org/xsd/imscp_rootv1p1p2 imscp_rootv1p1p2.xsd http://www.imsglobal.org/xsd/imsmd_rootv1p2p1 imsmd_rootv1p2p1.xsd http://www.adlnet.org/xsd/adlcp_rootv1p2 adlcp_rootv1p2.xsd" > 
<metadata> 
 <schema>ADL SCORM</schema> 
 <schemaversion>1.2</schemaversion> 
 <adlcp:location>imslrm.xml</adlcp:location> 
</metadata> 
<organizations default="eXem_template60c9975c267adb22552">  
    <organization identifier="eXem_template60c9975c267adb22552" structure="hierarchical">
        <title>Aišku</title>
<item isvisible="true" identifierref="Index_id">
    <title>Lietuvių gestų kalbos mokymosi programa</title>
<item identifier="ITEMID1" isvisible="true" identifierref="Res_id_1">
    <title>Aišku</title>
</item>
<item identifier="ITEMID2" isvisible="true" identifierref="Res_id_2">
    <title>Apkurtęs</title>
</item>
<item identifier="ITEMID3" isvisible="true" identifierref="Res_id_3">
    <title>Apkurtęss</title>
</item>
</item>
  </organization>
</organizations>
<resources>
  <resource identifier="Index_id" type="webcontent" adlcp:scormtype="sco" href="index.html"> 
    <file href="index.html"/> 
    <file href="exe_html5.js"/>
    <file href="udl-content.css"/>
    <file href="udl-content.js"/>
    <dependency identifierref="COMMON_FILES"/>
  </resource>
  <resource identifier="Res_id_1" type="webcontent" adlcp:scormtype="sco" href="1_zodis.html"> 
    <file href="1_zodis.html"/> 
    <file href="exe_html5.js"/>
    <file href="Aisku.ogg"/>
    <dependency identifierref="COMMON_FILES"/>
  </resource>
  <resource identifier="Res_id_2" type="webcontent" adlcp:scormtype="sco" href="2_zodis.html"> 
    <file href="2_zodis.html"/> 
    <file href="exe_html5.js"/>
    <file href="Apkurtes.ogg"/>
    <dependency identifierref="COMMON_FILES"/>
  </resource>
  <resource identifier="Res_id_3" type="webcontent" adlcp:scormtype="sco" href="2_zodis.html"> 
    <file href="2_zodis.html"/> 
    <file href="exe_html5.js"/>
    <file href="Apkurtes.ogg"/>
    <dependency identifierref="COMMON_FILES"/>
  </resource>
  <resource identifier="COMMON_FILES" type="webcontent" adlcp:scormtype="asset">
    <file href="config.xml"/>
    <file href="content.css"/>
    <file href="EncodeSans-Light_latin-ext.woff2"/>
    <file href="EncodeSans-Light_latin.woff2"/>
    <file href="EncodeSans-Light_vietnamese.woff2"/>
    <file href="nav.css"/>
    <file href="base.css"/>
    <file href="SCORM_API_wrapper.js"/>
    <file href="SCOFunctions.js"/>
    <file href="common.js"/>
    <file href="common_i18n.js"/>
    <file href="exe_jquery.js"/>
    <file href="content.xsd"/>
    <file href="content.data"/>
    <file href="contentv3.xml"/>
    <file href="imslrm.xml"/>
  </resource>
</resources>
</manifest>
