<?xml version="1.0" encoding="UTF-8"?>
<!-- Generated by eXe - http://exelearning.net -->
<manifest identifier="eXebandymas5ff7202d257cb060019" xmlns="http://www.imsproject.org/xsd/imscp_rootv1p1p2" xmlns:adlcp="http://www.adlnet.org/xsd/adlcp_rootv1p2" xmlns:imsmd="http://www.imsglobal.org/xsd/imsmd_v1p2" xmlns:xsi="http://www.w3.org/2001/XMLSchema-instance" xsi:schemaLocation="http://www.imsproject.org/xsd/imscp_rootv1p1p2 imscp_rootv1p1p2.xsd http://www.imsglobal.org/xsd/imsmd_rootv1p2p1 imsmd_rootv1p2p1.xsd http://www.adlnet.org/xsd/adlcp_rootv1p2 adlcp_rootv1p2.xsd" > 
<metadata> 
 <schema>ADL SCORM</schema> 
 <schemaversion>1.2</schemaversion> 
 <adlcp:location>imslrm.xml</adlcp:location> 
</metadata> 
<organizations default="{{IDENTIFIER}}">  
    <organization identifier="{{IDENTIFIER}}" structure="hierarchical">
        <title>Introduction to Software Engineering</title>
<item identifier="ITEM-introduction_2" isvisible="true" identifierref="RES-introduction_3">
    <title>Introduction to Software Engineering</title>
    <adlcp:masteryscore>50</adlcp:masteryscore>
</item>
  </organization>
</organizations>
<resources>
  <resource identifier="RES-introduction_3" type="webcontent" adlcp:scormtype="sco" href="index.html"> 
	{{MAIN_RSOURCES}}
    <dependency identifierref="COMMON_FILES"/>
  </resource>
  <resource identifier="COMMON_FILES" type="webcontent" adlcp:scormtype="asset">
	{{COMMON_RESOURSE}}
  </resource>
</resources>
</manifest>